id;title;content;date
1;quintuple except confusion;../fake-data/blob/hipster.txt;2025-05-28T16:44:12
2;uselessly;../fake-data/blob/hipster.txt;2025-05-29T05:37:48
3;phew reckless;../fake-data/blob/hipster.txt;2025-05-28T14:52:42
4;vice towards rout;../fake-data/blob/hipster.txt;2025-05-28T23:55:42
5;woot snack refute;../fake-data/blob/hipster.txt;2025-05-28T17:25:11
6;peaceful;../fake-data/blob/hipster.txt;2025-05-29T06:30:19
7;helplessly thankfully worth;../fake-data/blob/hipster.txt;2025-05-28T15:07:03
8;through soap sandbar;../fake-data/blob/hipster.txt;2025-05-28T18:41:24
9;in reasoning trivial;../fake-data/blob/hipster.txt;2025-05-29T07:57:37
10;duffel woeful;../fake-data/blob/hipster.txt;2025-05-29T01:39:22
